chatbot,avg_delta_x,avg_delta_y
gemini,0.9715170940170941,0.8555982905982907
gpt,-0.8133440860215054,-0.9192365591397846
perplexity,-0.2106473829201104,0.07444903581267207
