pol_leaning,avg_delta_x,avg_delta_y
control,0.5679042904290429,0.5421039603960397
farleft,-0.7384680134680136,-0.4605555555555555
farright,-0.31762086513994925,-0.4878625954198474
