language,avg_delta_x,avg_delta_y
english,0.1797169811320755,0.23552672955974852
french,-0.05047839506172842,0.17327932098765433
german,0.13723241590214064,-0.380191131498471
spanish,-0.2619877675840981,-0.02054281345565752
